file,URL
KB_1,None
Parking_1,https://kb.uconn.edu/space/PAR/10894836117
Parking_2,https://kb.uconn.edu/space/PAR/10894836119
Parking_3,https://kb.uconn.edu/space/PAR/10904568143
Parking_4,https://kb.uconn.edu/space/PAR/10894836121
HuskyCT_1,https://kb.uconn.edu/space/TL/10726900389
HuskyCT_2,https://kb.uconn.edu/space/TL/26292813980
HuskyCT_3,https://kb.uconn.edu/space/TL/10763764269
HuskyCT_4,https://kb.uconn.edu/space/TL/10787029429
HuskyCT_5,https://kb.uconn.edu/space/TL/10918724562
HuskyCT_6,https://kb.uconn.edu/space/TL/27170897953
HuskyCT_7,https://kb.uconn.edu/space/TL/26672791633
HuskyCT_8,https://kb.uconn.edu/space/TL/26336198675
HuskyCT_9,https://kb.uconn.edu/space/TL/10918724568
HuskyCT_10,https://kb.uconn.edu/space/TL/10918724570
HuskyCT_11,https://kb.uconn.edu/space/TL/10918724564
HuskyCT_12,https://kb.uconn.edu/space/TL/10918724566
HuskyCT_13,https://kb.uconn.edu/space/TL/10763764265
HuskyCT_14,https://kb.uconn.edu/space/TL/10787029022
HuskyCT_15,https://kb.uconn.edu/space/TL/10790764585
HuskyCT_16,https://kb.uconn.edu/space/TL/26013568446
HuskyCT_17,https://kb.uconn.edu/space/TL/10790764534
HuskyCT_18,https://kb.uconn.edu/space/TL/10787030231
HuskyCT_19,https://kb.uconn.edu/space/TL/10767401918
HuskyCT_20,https://kb.uconn.edu/space/TL/10816520479
HuskyCT_21,https://kb.uconn.edu/space/TL/10784507915
HuskyCT_22,https://kb.uconn.edu/space/TL/10763764098
HuskyCT_23,https://kb.uconn.edu/space/TL/10784506241
HuskyCT_24,https://kb.uconn.edu/space/TL/10814031131
HuskyCT_25,https://kb.uconn.edu/space/TL/26024051573
HuskyCT_26,https://kb.uconn.edu/space/TL/10822714600
HuskyCT_27,https://kb.uconn.edu/space/TL/10933731711
HuskyCT_28,https://kb.uconn.edu/space/TL/10787029310
HuskyCT_29,https://kb.uconn.edu/space/TL/10789816922
HuskyCT_30,https://kb.uconn.edu/space/TL/10801578204
HuskyCT_31,https://kb.uconn.edu/space/TL/10942120646
HuskyCT_32,https://kb.uconn.edu/space/TL/10784507186
HuskyCT_33,https://kb.uconn.edu/space/TL/10784507188
HuskyCT_34,https://kb.uconn.edu/space/TL/10789816323
HuskyCT_35,https://kb.uconn.edu/space/TL/10776806520
HuskyCT_36,https://kb.uconn.edu/space/TL/10784507160
HuskyCT_37,https://kb.uconn.edu/space/TL/10789814432
HuskyCT_38,https://kb.uconn.edu/space/TL/10785229353
HuskyCT_39,https://kb.uconn.edu/space/TL/10784507164
HuskyCT_40,https://kb.uconn.edu/space/TL/10789814426
HuskyCT_41,https://kb.uconn.edu/space/TL/10789814421
HuskyCT_42,https://kb.uconn.edu/space/TL/10785227080
HuskyCT_43,https://kb.uconn.edu/space/TL/10876420305
HuskyCT_44,https://kb.uconn.edu/space/TL/10784507152
HuskyCT_45,https://kb.uconn.edu/space/TL/10785227498
HuskyCT_46,https://kb.uconn.edu/space/TL/10795189462
HuskyCT_47,https://kb.uconn.edu/space/TL/10789816989
HuskyCT_48,https://kb.uconn.edu/space/TL/10792600512
HuskyCT_49,https://kb.uconn.edu/space/TL/26018283835
HuskyCT_50,https://kb.uconn.edu/space/TL/26082803723
HuskyCT_51,https://kb.uconn.edu/space/TL/10785227083
HuskyCT_52,https://kb.uconn.edu/space/TL/10770820308
HuskyCT_53,https://kb.uconn.edu/space/TL/10787029038
HuskyCT_54,https://kb.uconn.edu/space/TL/10795451147
HuskyCT_55,https://kb.uconn.edu/space/TL/10787029041
HuskyCT_56,https://kb.uconn.edu/space/TL/10794830242
HuskyCT_57,https://kb.uconn.edu/space/TL/26596343826
HuskyCT_58,https://kb.uconn.edu/space/TL/10795451159
HuskyCT_59,https://kb.uconn.edu/space/TL/10787029138
HuskyCT_60,https://kb.uconn.edu/space/TL/26024247323
HuskyCT_61,https://kb.uconn.edu/space/TL/26122452996
HuskyCT_62,https://kb.uconn.edu/space/TL/26023231639
HuskyCT_63,https://kb.uconn.edu/space/TL/10943135956
HuskyCT_64,https://kb.uconn.edu/space/TL/10769924142
HuskyCT_65,https://kb.uconn.edu/space/TL/10784507298
HuskyCT_66,https://kb.uconn.edu/space/TL/10784507199
HuskyCT_67,https://kb.uconn.edu/space/TL/10784507271
HuskyCT_68,https://kb.uconn.edu/space/TL/10784507218
HuskyCT_69,https://kb.uconn.edu/space/TL/10776806522
HuskyCT_70,https://kb.uconn.edu/space/TL/10789816600
HuskyCT_71,https://kb.uconn.edu/space/TL/10784507258
HuskyCT_72,https://kb.uconn.edu/space/TL/10789816316
HuskyCT_73,https://kb.uconn.edu/space/TL/10785229350
HuskyCT_74,https://kb.uconn.edu/space/TL/26128318580
HuskyCT_75,https://kb.uconn.edu/space/TL/10785227994
HuskyCT_76,https://kb.uconn.edu/space/TL/10784507282
HuskyCT_77,https://kb.uconn.edu/space/TL/10785229348
HuskyCT_78,https://kb.uconn.edu/space/TL/10785229344
HuskyCT_79,https://kb.uconn.edu/space/TL/10785227051
HuskyCT_80,https://kb.uconn.edu/space/TL/10785227068
HuskyCT_81,https://kb.uconn.edu/space/TL/10785227058
HuskyCT_82,https://kb.uconn.edu/space/TL/10785227054
HuskyCT_83,https://kb.uconn.edu/space/TL/10776805985
HuskyCT_84,https://kb.uconn.edu/space/TL/26501480513
HuskyCT_85,https://kb.uconn.edu/space/TL/10823663982
HuskyCT_86,https://kb.uconn.edu/space/TL/10789816904
HuskyCT_87,https://kb.uconn.edu/space/TL/10770829856
HuskyCT_88,https://kb.uconn.edu/space/TL/10759275699
HuskyCT_89,https://kb.uconn.edu/space/TL/10823664008
HuskyCT_90,https://kb.uconn.edu/space/TL/10776806429
HuskyCT_91,https://kb.uconn.edu/space/TL/10776806400
HuskyCT_92,https://kb.uconn.edu/space/TL/10780213413
HuskyCT_93,https://kb.uconn.edu/space/TL/10776806306
HuskyCT_94,https://kb.uconn.edu/space/TL/10776806409
HuskyCT_95,https://kb.uconn.edu/space/TL/10886382214
HuskyCT_96,https://kb.uconn.edu/space/TL/10776806341
HuskyCT_97,https://kb.uconn.edu/space/TL/10789816517
HuskyCT_98,https://kb.uconn.edu/space/TL/10789816512
HuskyCT_99,https://kb.uconn.edu/space/TL/10776806355
HuskyCT_100,https://kb.uconn.edu/space/TL/10823664000
HuskyCT_101,https://kb.uconn.edu/space/TL/10780213429
HuskyCT_102,https://kb.uconn.edu/space/TL/10780213389
HuskyCT_103,https://kb.uconn.edu/space/TL/10780213423
HuskyCT_104,https://kb.uconn.edu/space/TL/10886382252
HuskyCT_105,https://kb.uconn.edu/space/TL/10776806508
HuskyCT_106,https://kb.uconn.edu/space/TL/26179469346
HuskyCT_107,https://kb.uconn.edu/space/TL/10731881574
HuskyCT_108,https://kb.uconn.edu/space/TL/10776805911
HuskyCT_109,https://kb.uconn.edu/space/TL/10769924137
HuskyCT_110,https://kb.uconn.edu/space/TL/10789816532
HuskyCT_111,https://kb.uconn.edu/space/TL/10783457477
HuskyCT_112,https://kb.uconn.edu/space/TL/10794830869
HuskyCT_113,https://kb.uconn.edu/space/TL/10784506230
HuskyCT_114,https://kb.uconn.edu/space/TL/10776806511
HuskyCT_115,https://kb.uconn.edu/space/TL/26164363322
HuskyCT_116,https://kb.uconn.edu/space/TL/10769924144
HuskyCT_117,https://kb.uconn.edu/space/TL/10893557788
HuskyCT_118,https://kb.uconn.edu/space/TL/10770448458
HuskyCT_119,https://kb.uconn.edu/space/TL/10749247831
HuskyCT_120,https://kb.uconn.edu/space/TL/10784507488
HuskyCT_121,https://kb.uconn.edu/space/TL/10763764293
HuskyCT_122,https://kb.uconn.edu/space/TL/10763764263
HuskyCT_123,https://kb.uconn.edu/space/TL/10763764102
HuskyCT_124,https://kb.uconn.edu/space/TL/10784506238
HuskyCT_125,https://kb.uconn.edu/space/TL/10731881588
HuskyCT_126,https://kb.uconn.edu/space/TL/10770448460
HuskyCT_127,https://kb.uconn.edu/space/TL/10731880581
HuskyCT_128,https://kb.uconn.edu/space/TL/26312769655
HuskyCT_129,https://kb.uconn.edu/space/TL/26301202526
HuskyCT_130,https://kb.uconn.edu/space/TL/10859348210
HuskyCT_131,https://kb.uconn.edu/space/TL/10767466657
HuskyCT_132,https://kb.uconn.edu/space/TL/26699759719
HuskyCT_133,https://kb.uconn.edu/space/TL/10767466717
HuskyCT_134,https://kb.uconn.edu/space/TL/10861511877
HuskyCT_135,https://kb.uconn.edu/space/TL/10767466672
HuskyCT_136,https://kb.uconn.edu/space/TL/10767466659
HuskyCT_137,https://kb.uconn.edu/space/TL/10767466664
HuskyCT_138,https://kb.uconn.edu/space/TL/10821042993
HuskyCT_139,https://kb.uconn.edu/space/TL/10770820319
HuskyCT_140,https://kb.uconn.edu/space/TL/10731881590
HuskyCT_141,https://kb.uconn.edu/space/TL/10789817284
HuskyCT_142,https://kb.uconn.edu/space/TL/10731881853
HuskyCT_143,https://kb.uconn.edu/space/TL/10731881579
HuskyCT_144,https://kb.uconn.edu/space/TL/26255982901
HuskyCT_145,https://kb.uconn.edu/space/TL/10759274856
HuskyCT_146,https://kb.uconn.edu/space/TL/10763764095
HuskyCT_147,https://kb.uconn.edu/space/TL/10731880600
HuskyCT_148,https://kb.uconn.edu/space/TL/10731881600
HuskyCT_149,https://kb.uconn.edu/space/TL/26213351457
HuskyCT_150,https://kb.uconn.edu/space/TL/10731881788
HuskyCT_151,https://kb.uconn.edu/space/TL/10776805797
HuskyCT_152,https://kb.uconn.edu/space/TL/10731881471
HuskyCT_153,https://kb.uconn.edu/space/TL/10749083767
HuskyCT_154,https://kb.uconn.edu/space/TL/10731881525
HuskyCT_155,https://kb.uconn.edu/space/TL/10763764282
HuskyCT_156,https://kb.uconn.edu/space/TL/10763764273
HuskyCT_157,https://kb.uconn.edu/space/TL/10731880563
HuskyCT_158,https://kb.uconn.edu/space/TL/10763764280
HuskyCT_159,https://kb.uconn.edu/space/TL/10759274823
HuskyCT_160,https://kb.uconn.edu/space/TL/10731880628
HuskyCT_161,https://kb.uconn.edu/space/TL/10852499540
HuskyCT_162,https://kb.uconn.edu/space/TL/26077594223
StudentAdmin_1,https://kb.uconn.edu/space/SAS/10758194553
StudentAdmin_2,https://kb.uconn.edu/space/SAS/10861510945
StudentAdmin_3,https://kb.uconn.edu/space/SAS/10758194564
StudentAdmin_4,https://kb.uconn.edu/space/SAS/10758194627
StudentAdmin_5,https://kb.uconn.edu/space/SAS/10758194621
StudentAdmin_6,https://kb.uconn.edu/space/SAS/10758194624
StudentAdmin_7,https://kb.uconn.edu/space/SAS/10758194557
StudentAdmin_8,https://kb.uconn.edu/space/SAS/10758194583
StudentAdmin_9,https://kb.uconn.edu/space/SAS/10769929370
StudentAdmin_10,https://kb.uconn.edu/space/SAS/10769929367
StudentAdmin_11,https://kb.uconn.edu/space/SAS/10769929365
StudentAdmin_12,https://kb.uconn.edu/space/SAS/10758194590
StudentAdmin_13,https://kb.uconn.edu/space/SAS/10769929374
StudentAdmin_14,https://kb.uconn.edu/space/SAS/10836574826
StudentAdmin_15,https://kb.uconn.edu/space/SAS/10836574819
StudentAdmin_16,https://kb.uconn.edu/space/SAS/10769929542
StudentAdmin_17,https://kb.uconn.edu/space/SAS/10758194588
StudentAdmin_18,https://kb.uconn.edu/space/SAS/10840408104
StudentAdmin_19,https://kb.uconn.edu/space/SAS/10769929548
StudentAdmin_20,https://kb.uconn.edu/space/SAS/10758194562
StudentAdmin_21,https://kb.uconn.edu/space/SAS/10758194600
StudentAdmin_22,https://kb.uconn.edu/space/SAS/10779852865
StudentAdmin_23,https://kb.uconn.edu/space/SAS/10782343472
StudentAdmin_24,https://kb.uconn.edu/space/SAS/10779852972
StudentAdmin_25,https://kb.uconn.edu/space/SAS/10779852856
StudentAdmin_26,https://kb.uconn.edu/space/SAS/10782343470
StudentAdmin_27,https://kb.uconn.edu/space/SAS/10779852958
StudentAdmin_28,https://kb.uconn.edu/space/SAS/10780214144
StudentAdmin_29,https://kb.uconn.edu/space/SAS/10780214142
StudentAdmin_30,https://kb.uconn.edu/space/SAS/10779852862
StudentAdmin_31,https://kb.uconn.edu/space/SAS/10780214148
StudentAdmin_32,https://kb.uconn.edu/space/SAS/10758194606
StudentAdmin_33,https://kb.uconn.edu/space/SAS/10758194610
StudentAdmin_34,https://kb.uconn.edu/space/SAS/10758194602
StudentAdmin_35,https://kb.uconn.edu/space/SAS/10784506113
StudentAdmin_36,https://kb.uconn.edu/space/SAS/10785226861
StudentAdmin_37,https://kb.uconn.edu/space/SAS/10784506115
StudentAdmin_38,https://kb.uconn.edu/space/SAS/10785226877
StudentAdmin_39,https://kb.uconn.edu/space/SAS/10785226887
StudentAdmin_40,https://kb.uconn.edu/space/SAS/10785226875
StudentAdmin_41,https://kb.uconn.edu/space/SAS/10785226862
StudentAdmin_42,https://kb.uconn.edu/space/SAS/10784506109
StudentAdmin_43,https://kb.uconn.edu/space/SAS/10784506111
StudentAdmin_44,https://kb.uconn.edu/space/SAS/10784506117
StudentAdmin_45,https://kb.uconn.edu/space/SAS/10785226883
StudentAdmin_46,https://kb.uconn.edu/space/SAS/10785226872
StudentAdmin_47,https://kb.uconn.edu/space/SAS/10758194614
StudentAdmin_48,https://kb.uconn.edu/space/SAS/10758194608
StudentAdmin_49,https://kb.uconn.edu/space/SAS/10758194612
StudentAdmin_50,https://kb.uconn.edu/space/SAS/10784508326
StudentAdmin_51,https://kb.uconn.edu/space/SAS/10784507964
StudentAdmin_52,https://kb.uconn.edu/space/SAS/10784508328
StudentAdmin_53,https://kb.uconn.edu/space/SAS/10758194604
StudentAdmin_54,https://kb.uconn.edu/space/SAS/10784507316
StudentAdmin_55,https://kb.uconn.edu/space/SAS/10784507329
StudentAdmin_56,https://kb.uconn.edu/space/SAS/10784507292
StudentAdmin_57,https://kb.uconn.edu/space/SAS/10784507327
StudentAdmin_58,https://kb.uconn.edu/space/SAS/10784507313
StudentAdmin_59,https://kb.uconn.edu/space/SAS/10893689055
StudentAdmin_60,https://kb.uconn.edu/space/SAS/10784507319
StudentAdmin_61,https://kb.uconn.edu/space/SAS/10758194598
StudentAdmin_62,https://kb.uconn.edu/space/SAS/26133135413
StudentAdmin_63,https://kb.uconn.edu/space/SAS/10776806418
StudentAdmin_64,https://kb.uconn.edu/space/SAS/10776806406
StudentAdmin_65,https://kb.uconn.edu/space/SAS/10776806425
StudentAdmin_66,https://kb.uconn.edu/space/SAS/10776806358
StudentAdmin_67,https://kb.uconn.edu/space/SAS/10776806395
StudentAdmin_68,https://kb.uconn.edu/space/SAS/10776806428
StudentAdmin_69,https://kb.uconn.edu/space/SAS/10758194560
StudentAdmin_70,https://kb.uconn.edu/space/SAS/10758194594
StudentAdmin_71,https://kb.uconn.edu/space/SAS/10776805465
StudentAdmin_72,https://kb.uconn.edu/space/SAS/10776805391
StudentAdmin_73,https://kb.uconn.edu/space/SAS/10776805547
StudentAdmin_74,https://kb.uconn.edu/space/SAS/10776805385
StudentAdmin_75,https://kb.uconn.edu/space/SAS/10930225337
StudentAdmin_76,https://kb.uconn.edu/space/SAS/10834411511
StudentAdmin_77,https://kb.uconn.edu/space/SAS/10776805549
StudentAdmin_78,https://kb.uconn.edu/space/SAS/10776805447
StudentAdmin_79,https://kb.uconn.edu/space/SAS/10776805478
StudentAdmin_80,https://kb.uconn.edu/space/SAS/10776805472
StudentAdmin_81,https://kb.uconn.edu/space/SAS/10828449459
StudentAdmin_82,https://kb.uconn.edu/space/SAS/10776805538
StudentAdmin_83,https://kb.uconn.edu/space/SAS/10758194596
StudentAdmin_84,https://kb.uconn.edu/space/SAS/10776805946
StudentAdmin_85,https://kb.uconn.edu/space/SAS/10776805952
StudentAdmin_86,https://kb.uconn.edu/space/SAS/10776806308
StudentAdmin_87,https://kb.uconn.edu/space/SAS/10776805948
StudentAdmin_88,https://kb.uconn.edu/space/SAS/10776805933
StudentAdmin_89,https://kb.uconn.edu/space/SAS/10776805928
StudentAdmin_90,https://kb.uconn.edu/space/SAS/10864459934
StudentAdmin_91,https://kb.uconn.edu/space/SAS/10776805937
StudentAdmin_92,https://kb.uconn.edu/space/SAS/10776805950
StudentAdmin_93,https://kb.uconn.edu/space/SAS/10776806318
StudentAdmin_94,https://kb.uconn.edu/space/SAS/10776805931
StudentAdmin_95,https://kb.uconn.edu/space/SAS/10776805943
StudentAdmin_96,https://kb.uconn.edu/space/SAS/10776805941
StudentAdmin_97,https://kb.uconn.edu/space/SAS/10776805939
StudentAdmin_98,https://kb.uconn.edu/space/SAS/10758194592
StudentAdmin_99,https://kb.uconn.edu/space/SAS/10769929685
StudentAdmin_100,https://kb.uconn.edu/space/SAS/10769929645
StudentAdmin_101,https://kb.uconn.edu/space/SAS/10758194555
StudentAdmin_102,https://kb.uconn.edu/space/SAS/10758194581
StudentAdmin_103,https://kb.uconn.edu/space/SAS/10769926058
StudentAdmin_104,https://kb.uconn.edu/space/SAS/10890772655
StudentAdmin_105,https://kb.uconn.edu/space/SAS/10828449429
StudentAdmin_106,https://kb.uconn.edu/space/SAS/10848043608
StudentAdmin_107,https://kb.uconn.edu/space/SAS/26248511970
StudentAdmin_108,https://kb.uconn.edu/space/SAS/10828449513
StudentAdmin_109,https://kb.uconn.edu/space/SAS/10828449867
StudentAdmin_110,https://kb.uconn.edu/space/SAS/10828449493
StudentAdmin_111,https://kb.uconn.edu/space/SAS/10769925299
StudentAdmin_112,https://kb.uconn.edu/space/SAS/26768146610
StudentAdmin_113,https://kb.uconn.edu/space/SAS/10836574315
StudentAdmin_114,https://kb.uconn.edu/space/SAS/10769929546
StudentAdmin_115,https://kb.uconn.edu/space/SAS/10769925301
StudentAdmin_116,https://kb.uconn.edu/space/SAS/27421507615
StudentAdmin_117,https://kb.uconn.edu/space/SAS/26962952304
StudentAdmin_118,https://kb.uconn.edu/space/SAS/26274299982
StudentAdmin_119,https://kb.uconn.edu/space/SAS/26155286550
StudentAdmin_120,https://kb.uconn.edu/space/SAS/10769926105
StudentAdmin_121,https://kb.uconn.edu/space/SAS/10769925284
StudentAdmin_122,https://kb.uconn.edu/space/SAS/10769929552
StudentAdmin_123,https://kb.uconn.edu/space/SAS/26107150510
StudentAdmin_124,https://kb.uconn.edu/space/SAS/26106298669
StudentAdmin_125,https://kb.uconn.edu/space/SAS/10946642239
StudentAdmin_126,https://kb.uconn.edu/space/SAS/26300547073
StudentAdmin_127,https://kb.uconn.edu/space/SAS/10769926771
StudentAdmin_128,https://kb.uconn.edu/space/SAS/26327154821
StudentAdmin_129,https://kb.uconn.edu/space/SAS/26157318170
StudentAdmin_130,https://kb.uconn.edu/space/SAS/26917044286
StudentAdmin_131,https://kb.uconn.edu/space/SAS/27290370076
StudentAdmin_132,https://kb.uconn.edu/space/SAS/26174914626
StudentAdmin_133,https://kb.uconn.edu/space/SAS/10769925289
StudentAdmin_134,https://kb.uconn.edu/space/SAS/26836893714
StudentAdmin_135,https://kb.uconn.edu/space/SAS/10769925286
StudentAdmin_136,https://kb.uconn.edu/space/SAS/26310344811
StudentAdmin_137,https://kb.uconn.edu/space/SAS/26115735605
StudentAdmin_138,https://kb.uconn.edu/space/SAS/26690322453
StudentAdmin_139,https://kb.uconn.edu/space/SAS/10769925303
StudentAdmin_140,https://kb.uconn.edu/space/SAS/10828449215
StudentAdmin_141,https://kb.uconn.edu/space/SAS/27276705909
StudentAdmin_142,https://kb.uconn.edu/space/SAS/26643038241
StudentAdmin_143,https://kb.uconn.edu/space/SAS/10769926773
StudentAdmin_144,https://kb.uconn.edu/space/SAS/26747076609
StudentAdmin_145,https://kb.uconn.edu/space/SAS/26931691541
StudentAdmin_146,https://kb.uconn.edu/space/SAS/10758194566
StudentAdmin_147,https://kb.uconn.edu/space/SAS/10758194650
StudentAdmin_148,https://kb.uconn.edu/space/SAS/10758194648
StudentAdmin_149,https://kb.uconn.edu/space/SAS/10758194644
StudentAdmin_150,https://kb.uconn.edu/space/SAS/10769925272
StudentAdmin_151,https://kb.uconn.edu/space/SAS/10758194639
StudentAdmin_152,https://kb.uconn.edu/space/SAS/10856661073
StudentAdmin_153,https://kb.uconn.edu/space/SAS/10758194576
StudentAdmin_154,https://kb.uconn.edu/space/SAS/10769925282
StudentAdmin_155,https://kb.uconn.edu/space/SAS/10769925279
StudentAdmin_156,https://kb.uconn.edu/space/SAS/10769925277
StudentAdmin_157,https://kb.uconn.edu/space/SAS/10758194570
StudentAdmin_158,https://kb.uconn.edu/space/SAS/26997162062
StudentAdmin_159,https://kb.uconn.edu/space/SAS/10769925292
StudentAdmin_160,https://kb.uconn.edu/space/SAS/26694352910
StudentAdmin_161,https://kb.uconn.edu/space/SAS/10769929244
StudentAdmin_162,https://kb.uconn.edu/space/SAS/10828449296
StudentAdmin_163,https://kb.uconn.edu/space/SAS/10769929283
StudentAdmin_164,https://kb.uconn.edu/space/SAS/10822713749
StudentAdmin_165,https://kb.uconn.edu/space/SAS/10769927145
StudentAdmin_166,https://kb.uconn.edu/space/SAS/10769927147
StudentAdmin_167,https://kb.uconn.edu/space/SAS/10769929340
StudentAdmin_168,https://kb.uconn.edu/space/SAS/10769929285
StudentAdmin_169,https://kb.uconn.edu/space/SAS/10811539892
StudentAdmin_170,https://kb.uconn.edu/space/SAS/10769929348
StudentAdmin_171,https://kb.uconn.edu/space/SAS/10769929342
StudentAdmin_172,https://kb.uconn.edu/space/SAS/10769929356
StudentAdmin_173,https://kb.uconn.edu/space/SAS/10834411523
StudentAdmin_174,https://kb.uconn.edu/space/SAS/10769929344
StudentAdmin_175,https://kb.uconn.edu/space/SAS/10769929361
StudentAdmin_176,https://kb.uconn.edu/space/SAS/10769929359
StudentAdmin_177,https://kb.uconn.edu/space/SAS/10834411574
StudentAdmin_178,https://kb.uconn.edu/space/SAS/10769927149
StudentAdmin_179,https://kb.uconn.edu/space/SAS/10841948926
StudentAdmin_180,https://kb.uconn.edu/space/SAS/10769929330
StudentAdmin_181,https://kb.uconn.edu/space/SAS/10904567829
StudentAdmin_182,https://kb.uconn.edu/space/SAS/10769929319
StudentAdmin_183,https://kb.uconn.edu/space/SAS/10769929317
StudentAdmin_184,https://kb.uconn.edu/space/SAS/10769929332
StudentAdmin_185,https://kb.uconn.edu/space/SAS/10769929325
StudentAdmin_186,https://kb.uconn.edu/space/SAS/10769929322
StudentAdmin_187,https://kb.uconn.edu/space/SAS/10769929303
StudentAdmin_188,https://kb.uconn.edu/space/SAS/10769929307
StudentAdmin_189,https://kb.uconn.edu/space/SAS/10769929310
StudentAdmin_190,https://kb.uconn.edu/space/SAS/10871506065
StudentAdmin_191,https://kb.uconn.edu/space/SAS/10769929313
StudentAdmin_192,https://kb.uconn.edu/space/SAS/10769929315
StudentAdmin_193,https://kb.uconn.edu/space/SAS/10769929290
StudentAdmin_194,https://kb.uconn.edu/space/SAS/10769929305
IT-Guides_1,https://kb.uconn.edu/space/IKB/26303627270
IT-Guides_2,https://kb.uconn.edu/space/IKB/26302054492
IT-Guides_3,https://kb.uconn.edu/space/IKB/26302447699
IT-Guides_4,https://kb.uconn.edu/space/IKB/26016516022
IT-Guides_5,https://kb.uconn.edu/space/IKB/26279051510
IT-Guides_6,https://kb.uconn.edu/space/IKB/10784508250
IT-Guides_7,https://kb.uconn.edu/space/IKB/10769924612
IT-NetId_1,https://kb.uconn.edu/space/IKB/10724476730
IT-NetId_2,https://kb.uconn.edu/space/IKB/26204242027
IT-NetId_3,https://kb.uconn.edu/space/IKB/26472316933
IT-NetId_4,https://kb.uconn.edu/space/IKB/26204242034
IT-NetId_5,https://kb.uconn.edu/space/IKB/26112032924
IT-NetId_6,https://kb.uconn.edu/space/IKB/26149945350
IT-NetId_7,https://kb.uconn.edu/space/IKB/10764288576
IT-NetId_8,https://kb.uconn.edu/space/IKB/10726901557
IT-NetId_9,https://kb.uconn.edu/space/IKB/10806461232
IT-NetId_10,https://kb.uconn.edu/space/IKB/10767403005
IT-NetId_11,https://kb.uconn.edu/space/IKB/10726900331
IT-NetId_12,https://kb.uconn.edu/space/IKB/27380875342
IT-NetId_13,https://kb.uconn.edu/space/IKB/27372060707
IT-NetId_14,https://kb.uconn.edu/space/IKB/26110820432
IT-NetId_15,https://kb.uconn.edu/space/IKB/26527105025
IT-NetId_16,https://kb.uconn.edu/space/IKB/10748724287
IT-NetId_17,https://kb.uconn.edu/space/IKB/10748724271
IT-NetId_18,https://kb.uconn.edu/space/IKB/10785228242
IT-NetId_19,https://kb.uconn.edu/space/IKB/10785228238
IT-NetId_20,https://kb.uconn.edu/space/IKB/27452211201
IT-NetId_21,https://kb.uconn.edu/space/IKB/10784508210
IT-NetId_22,https://kb.uconn.edu/space/IKB/26117603329
IT-NetId_23,https://kb.uconn.edu/space/IKB/10736632690
IT-NetId_24,https://kb.uconn.edu/space/IKB/10736632548
IT-NetId_25,https://kb.uconn.edu/space/IKB/10736632621
IT-NetId_26,https://kb.uconn.edu/space/IKB/10789815076
IT-NetId_27,https://kb.uconn.edu/space/IKB/10738368582
IT-NetId_28,https://kb.uconn.edu/space/IKB/10726901160
IT-NetId_29,https://kb.uconn.edu/space/IKB/10726900324
IT-NetId_30,https://kb.uconn.edu/space/IKB/26055606349
IT-NetId_31,https://kb.uconn.edu/space/IKB/10728767619
IT-NetId_32,https://kb.uconn.edu/space/IKB/10785227446
IT-NetId_33,https://kb.uconn.edu/space/IKB/10758194360
IT-NetId_34,https://kb.uconn.edu/space/IKB/10801578696
IT-NetId_35,https://kb.uconn.edu/space/IKB/10728767647
IT-NetId_36,https://kb.uconn.edu/space/IKB/10749249644
IT-NetId_37,https://kb.uconn.edu/space/IKB/10728767651
IT-NetId_38,https://kb.uconn.edu/space/IKB/10758194357
IT-NetId_39,https://kb.uconn.edu/space/IKB/10758194363
IT-NetId_40,https://kb.uconn.edu/space/IKB/10728767960
IT-NetId_41,https://kb.uconn.edu/space/IKB/10744071296
IT-Printing_1,https://kb.uconn.edu/space/IKB/26928676873
IT-Printing_2,https://kb.uconn.edu/space/IKB/26996441110
IT-Printing_3,https://kb.uconn.edu/space/IKB/10905878568
IT-Printing_4,https://kb.uconn.edu/space/IKB/10907091214
IT-Printing_5,https://kb.uconn.edu/space/IKB/10907091255
IT-Printing_6,https://kb.uconn.edu/space/IKB/10907091126
IT-Printing_7,https://kb.uconn.edu/space/IKB/10903716022
IT-Printing_8,https://kb.uconn.edu/space/IKB/10903060508
IT-Printing_9,https://kb.uconn.edu/space/IKB/10903716025
IT-Printing_10,https://kb.uconn.edu/space/IKB/10899849280
IT-Network_1,https://kb.uconn.edu/space/IKB/10724476737
IT-Network_2,https://kb.uconn.edu/space/IKB/10724476739
IT-Network_3,https://kb.uconn.edu/space/IKB/10737647754
IT-Network_4,https://kb.uconn.edu/space/IKB/10726900350
IT-Network_5,https://kb.uconn.edu/space/IKB/10726900354
IT-Network_6,https://kb.uconn.edu/space/IKB/10845094703
IT-Network_7,https://kb.uconn.edu/space/IKB/10816520444
IT-Network_8,https://kb.uconn.edu/space/IKB/10785228206
IT-Network_9,https://kb.uconn.edu/space/IKB/10744071182
IT-Network_10,https://kb.uconn.edu/space/IKB/10726900344
IT-Network_11,https://kb.uconn.edu/space/IKB/10803643908
IT-Network_12,https://kb.uconn.edu/space/IKB/10911219993
IT-Network_13,https://kb.uconn.edu/space/IKB/10731881818
IT-Network_14,https://kb.uconn.edu/space/IKB/10726900346
IT-Network_15,https://kb.uconn.edu/space/IKB/10726900348
IT-Network_16,https://kb.uconn.edu/space/IKB/10726900342
IT-Support_1,https://kb.uconn.edu/space/IKB/10845093938
IT-Support_2,https://kb.uconn.edu/space/IKB/27175059526
IT-Support_3,https://kb.uconn.edu/space/IKB/26055606857
IT-Support_4,https://kb.uconn.edu/space/IKB/10914103701
IT-Support_5,https://kb.uconn.edu/space/IKB/26327319630
IT-Support_6,https://kb.uconn.edu/space/IKB/10759275649
IT-Devices_1,https://kb.uconn.edu/space/IKB/10852500909
IT-Devices_2,https://kb.uconn.edu/space/IKB/26980089883
IT-Devices_3,https://kb.uconn.edu/space/IKB/10853879237
IT-Devices_4,https://kb.uconn.edu/space/IKB/27159265391
IT-Devices_5,https://kb.uconn.edu/space/IKB/10852500918
IT-Devices_6,https://kb.uconn.edu/space/IKB/10895589476
IT-Devices_7,https://kb.uconn.edu/space/IKB/10852500927
IT-Microsoft_1,https://kb.uconn.edu/space/IKB/10770819474
IT-Microsoft_2,https://kb.uconn.edu/space/IKB/26396295551
IT-Microsoft_3,https://kb.uconn.edu/space/IKB/26598900022
IT-Microsoft_4,https://kb.uconn.edu/space/IKB/26521141307
IT-Microsoft_5,https://kb.uconn.edu/space/IKB/26395017905
IT-Microsoft_6,https://kb.uconn.edu/space/IKB/26398490685
IT-Microsoft_7,https://kb.uconn.edu/space/IKB/26416021524
IT-Microsoft_8,https://kb.uconn.edu/space/IKB/26406780944
IT-Microsoft_9,https://kb.uconn.edu/space/IKB/26617577536
IT-Microsoft_10,https://kb.uconn.edu/space/IKB/26319683726
IT-Microsoft_11,https://kb.uconn.edu/space/IKB/10749247599
IT-Microsoft_12,https://kb.uconn.edu/space/IKB/27429109762
IT-Microsoft_13,https://kb.uconn.edu/space/IKB/10888019962
IT-Microsoft_14,https://kb.uconn.edu/space/IKB/10803643163
IT-Microsoft_15,https://kb.uconn.edu/space/IKB/26042892333
IT-Microsoft_16,https://kb.uconn.edu/space/IKB/10787029634
IT-Microsoft_17,https://kb.uconn.edu/space/IKB/27076952065
IT-Microsoft_18,https://kb.uconn.edu/space/IKB/10806461354
IT-Microsoft_19,https://kb.uconn.edu/space/IKB/10845094874
IT-Microsoft_20,https://kb.uconn.edu/space/IKB/10784508289
IT-Microsoft_21,https://kb.uconn.edu/space/IKB/10787029638
IT-Microsoft_22,https://kb.uconn.edu/space/IKB/10886382116
IT-Microsoft_23,https://kb.uconn.edu/space/IKB/10806461629
IT-Microsoft_24,https://kb.uconn.edu/space/IKB/10749248089
IT-Microsoft_25,https://kb.uconn.edu/space/IKB/26971013121
IT-Microsoft_26,https://kb.uconn.edu/space/IKB/10789160367
IT-Microsoft_27,https://kb.uconn.edu/space/IKB/10749247603
IT-Microsoft_28,https://kb.uconn.edu/space/IKB/10759275631
IT-Microsoft_29,https://kb.uconn.edu/space/IKB/10803053528
IT-Microsoft_30,https://kb.uconn.edu/space/IKB/10794830164
IT-Microsoft_31,https://kb.uconn.edu/space/IKB/26726236342
IT-Microsoft_32,https://kb.uconn.edu/space/IKB/26048036931
IT-Microsoft_33,https://kb.uconn.edu/space/IKB/10794830170
IT-Microsoft_34,https://kb.uconn.edu/space/IKB/10794830172
IT-Microsoft_35,https://kb.uconn.edu/space/IKB/26048462916
IT-Microsoft_36,https://kb.uconn.edu/space/IKB/10799809163
IT-Microsoft_37,https://kb.uconn.edu/space/IKB/10794830891
IT-Microsoft_38,https://kb.uconn.edu/space/IKB/10794830887
IT-Microsoft_39,https://kb.uconn.edu/space/IKB/26042663096
IT-Microsoft_40,https://kb.uconn.edu/space/IKB/26973798401
IT-Microsoft_41,https://kb.uconn.edu/space/IKB/26135101483
IT-Microsoft_42,https://kb.uconn.edu/space/IKB/26135167021
IT-Microsoft_43,https://kb.uconn.edu/space/IKB/10802103124
IT-Microsoft_44,https://kb.uconn.edu/space/IKB/10802103772
IT-Microsoft_45,https://kb.uconn.edu/space/IKB/10794830008
IT-Microsoft_46,https://kb.uconn.edu/space/IKB/10794830029
IT-Microsoft_47,https://kb.uconn.edu/space/IKB/10794830020
IT-Microsoft_48,https://kb.uconn.edu/space/IKB/10794830053
IT-Microsoft_49,https://kb.uconn.edu/space/IKB/10794830049
IT-Microsoft_50,https://kb.uconn.edu/space/IKB/10794830036
IT-Microsoft_51,https://kb.uconn.edu/space/IKB/10770817707
IT-Microsoft_52,https://kb.uconn.edu/space/IKB/10730799912
IT-Microsoft_53,https://kb.uconn.edu/space/IKB/10730800036
IT-Microsoft_54,https://kb.uconn.edu/space/IKB/10726900301
IT-Microsoft_55,https://kb.uconn.edu/space/IKB/10819764998
IT-Microsoft_56,https://kb.uconn.edu/space/IKB/10726900385
IT-Microsoft_57,https://kb.uconn.edu/space/IKB/26044760169
IT-Microsoft_58,https://kb.uconn.edu/space/IKB/26258049054
IT-Microsoft_59,https://kb.uconn.edu/space/IKB/27181350913
IT-Microsoft_60,https://kb.uconn.edu/space/IKB/27126268007
IT-Microsoft_61,https://kb.uconn.edu/space/IKB/26652049525
IT-Microsoft_62,https://kb.uconn.edu/space/IKB/26479296647
IT-Microsoft_63,https://kb.uconn.edu/space/IKB/26239631363
IT-Microsoft_64,https://kb.uconn.edu/space/IKB/26237304931
IT-Microsoft_65,https://kb.uconn.edu/space/IKB/26374766601
IT-Microsoft_66,https://kb.uconn.edu/space/IKB/26374471726
IT-Microsoft_67,https://kb.uconn.edu/space/IKB/26477461581
IT-Microsoft_68,https://kb.uconn.edu/space/IKB/10730799570
IT-Microsoft_69,https://kb.uconn.edu/space/IKB/10730799594
IT-Microsoft_70,https://kb.uconn.edu/space/IKB/26230390849
IT-Microsoft_71,https://kb.uconn.edu/space/IKB/26833977356
IT-Microsoft_72,https://kb.uconn.edu/space/IKB/26703396925
IT-Microsoft_73,https://kb.uconn.edu/space/IKB/10730799501
IT-Microsoft_74,https://kb.uconn.edu/space/IKB/10836574295
IT-Microsoft_75,https://kb.uconn.edu/space/IKB/26375422051
IT-Microsoft_76,https://kb.uconn.edu/space/IKB/10787029676
IT-Microsoft_77,https://kb.uconn.edu/space/IKB/10787029655
IT-Microsoft_78,https://kb.uconn.edu/space/IKB/10733125895
IT-Microsoft_79,https://kb.uconn.edu/space/IKB/10784507632
IT-Microsoft_80,https://kb.uconn.edu/space/IKB/26977632280
IT-Microsoft_81,https://kb.uconn.edu/space/IKB/26228721112
IT-Microsoft_82,https://kb.uconn.edu/space/IKB/10730800041
IT-Microsoft_83,https://kb.uconn.edu/space/IKB/26050527301
IT-Microsoft_84,https://kb.uconn.edu/space/IKB/26228753649
IT-Microsoft_85,https://kb.uconn.edu/space/IKB/26229932033
IT-Microsoft_86,https://kb.uconn.edu/space/IKB/26247397509
IT-Microsoft_87,https://kb.uconn.edu/space/IKB/10802103123
IT-Microsoft_88,https://kb.uconn.edu/space/IKB/10770819476
IT-Microsoft_89,https://kb.uconn.edu/space/IKB/26461536282
IT-Microsoft_90,https://kb.uconn.edu/space/IKB/10730799567
IT-Microsoft_91,https://kb.uconn.edu/space/IKB/10730800082
IT-Microsoft_92,https://kb.uconn.edu/space/IKB/10803053540
IT-Microsoft_93,https://kb.uconn.edu/space/IKB/10803053563
IT-Microsoft_94,https://kb.uconn.edu/space/IKB/26778435593
IT-Microsoft_95,https://kb.uconn.edu/space/IKB/26712080393
IT-Microsoft_96,https://kb.uconn.edu/space/IKB/26708770829
IT-Microsoft_97,https://kb.uconn.edu/space/IKB/26977632306
IT-Microsoft_98,https://kb.uconn.edu/space/IKB/26708672514
IT-Microsoft_99,https://kb.uconn.edu/space/IKB/10803053607
IT-Microsoft_100,https://kb.uconn.edu/space/IKB/10803053573
IT-Microsoft_101,https://kb.uconn.edu/space/IKB/10865213680
IT-Microsoft_102,https://kb.uconn.edu/space/IKB/27342110755
IT-Microsoft_103,https://kb.uconn.edu/space/IKB/27281981501
IT-Microsoft_104,https://kb.uconn.edu/space/IKB/27275919362
IT-Microsoft_105,https://kb.uconn.edu/space/IKB/27175780405
IT-Microsoft_106,https://kb.uconn.edu/space/IKB/27033894918
IT-Microsoft_107,https://kb.uconn.edu/space/IKB/27021574173
IT-Microsoft_108,https://kb.uconn.edu/space/IKB/26028507238
IT-Microsoft_109,https://kb.uconn.edu/space/IKB/10803053536
IT-Microsoft_110,https://kb.uconn.edu/space/IKB/10817011782
IT-Microsoft_111,https://kb.uconn.edu/space/IKB/26028507210
IT-Microsoft_112,https://kb.uconn.edu/space/IKB/10770822412
IT-Microsoft_113,https://kb.uconn.edu/space/IKB/10816521463
IT-Microsoft_114,https://kb.uconn.edu/space/IKB/26291830855
IT-Microsoft_115,https://kb.uconn.edu/space/IKB/10733127420
IT-Microsoft_116,https://kb.uconn.edu/space/IKB/27249246298
IT-Microsoft_117,https://kb.uconn.edu/space/IKB/27438153768
IT-Microsoft_118,https://kb.uconn.edu/space/IKB/26897678407
IT-Microsoft_119,https://kb.uconn.edu/space/IKB/27249246209
IT-Microsoft_120,https://kb.uconn.edu/space/IKB/10789159515
IT-Microsoft_121,https://kb.uconn.edu/space/IKB/26239533104
IT-Microsoft_122,https://kb.uconn.edu/space/IKB/27252752385
IT-Microsoft_123,https://kb.uconn.edu/space/IKB/26229702819
IT-Microsoft_124,https://kb.uconn.edu/space/IKB/27237122065
IT-Microsoft_125,https://kb.uconn.edu/space/IKB/26225868812
IT-Microsoft_126,https://kb.uconn.edu/space/IKB/10787029677
IT-Microsoft_127,https://kb.uconn.edu/space/IKB/27249115229
IT-Microsoft_128,https://kb.uconn.edu/space/IKB/10795453479
IT-Microsoft_129,https://kb.uconn.edu/space/IKB/26502823958
HuskyCT-Ultra_1,https://kb.uconn.edu/space/TL/27107983406
HuskyCT-Ultra_2,https://kb.uconn.edu/space/TL/26844168198
HuskyCT-Ultra_3,https://kb.uconn.edu/space/TL/26724991067
HuskyCT-Ultra_4,https://kb.uconn.edu/space/TL/26546896910
HuskyCT-Ultra_5,https://kb.uconn.edu/space/TL/26497155155
HuskyCT-Ultra_6,https://kb.uconn.edu/space/TL/26058556229
HuskyCT-Ultra_7,https://kb.uconn.edu/space/TL/26056720610
HuskyCT-Ultra_8,https://kb.uconn.edu/space/TL/26482672173
HuskyCT-Ultra_9,https://kb.uconn.edu/space/TL/26317029385
HuskyCT-Ultra_10,https://kb.uconn.edu/space/TL/26059210851
HuskyCT-Ultra_11,https://kb.uconn.edu/space/TL/26058523137
HuskyCT-Ultra_12,https://kb.uconn.edu/space/TL/26056819104
HuskyCT-Ultra_13,https://kb.uconn.edu/space/TL/26057080840
HuskyCT-Ultra_14,https://kb.uconn.edu/space/TL/27116601407
HuskyCT-Ultra_15,https://kb.uconn.edu/space/TL/26056687814
HuskyCT-Ultra_16,https://kb.uconn.edu/space/TL/26057965918
HuskyCT-Ultra_17,https://kb.uconn.edu/space/TL/26057441578
HuskyCT-Ultra_18,https://kb.uconn.edu/space/TL/26057506882
HuskyCT-Ultra_19,https://kb.uconn.edu/space/TL/26059244000
HuskyCT-Ultra_20,https://kb.uconn.edu/space/TL/26058752577
HuskyCT-Ultra_21,https://kb.uconn.edu/space/TL/26057703623
HuskyCT-Ultra_22,https://kb.uconn.edu/space/TL/26056655678
HuskyCT-Ultra_23,https://kb.uconn.edu/space/TL/26057605198
HuskyCT-Ultra_24,https://kb.uconn.edu/space/TL/26290028669
HuskyCT-Ultra_25,https://kb.uconn.edu/space/TL/26057048198
HuskyCT-Ultra_26,https://kb.uconn.edu/space/TL/26056655724
HuskyCT-Ultra_27,https://kb.uconn.edu/space/TL/26057966239
HuskyCT-Ultra_28,https://kb.uconn.edu/space/TL/26056819023
HuskyCT-Ultra_29,https://kb.uconn.edu/space/TL/26056885114
HuskyCT-Ultra_30,https://kb.uconn.edu/space/TL/26053706428
HuskyCT-Ultra_31,https://kb.uconn.edu/space/TL/26052199835
HuskyCT-Ultra_32,https://kb.uconn.edu/space/TL/26054394050
HuskyCT-Ultra_33,https://kb.uconn.edu/space/TL/26054820147
HuskyCT-Ultra_34,https://kb.uconn.edu/space/TL/26880573442
HuskyCT-Ultra_35,https://kb.uconn.edu/space/TL/26785284128
HuskyCT-Ultra_36,https://kb.uconn.edu/space/TL/26056884521
HuskyCT-Ultra_37,https://kb.uconn.edu/space/TL/26056655293
HuskyCT-Ultra_38,https://kb.uconn.edu/space/TL/26053706885
HuskyCT-Ultra_39,https://kb.uconn.edu/space/TL/26052689938
HuskyCT-Ultra_40,https://kb.uconn.edu/space/TL/27366326319
HuskyCT-Ultra_41,https://kb.uconn.edu/space/TL/26045939985
HuskyCT-Ultra_42,https://kb.uconn.edu/space/TL/26044432789
HuskyCT-Ultra_43,https://kb.uconn.edu/space/TL/26923892807
HuskyCT-Ultra_44,https://kb.uconn.edu/space/TL/26931134504
HuskyCT-Ultra_45,https://kb.uconn.edu/space/TL/26048954399
HuskyCT-Ultra_46,https://kb.uconn.edu/space/TL/26048692394
HuskyCT-Ultra_47,https://kb.uconn.edu/space/TL/26047774745
HuskyCT-Ultra_48,https://kb.uconn.edu/space/TL/26047643701
HuskyCT-Ultra_49,https://kb.uconn.edu/space/TL/26047643674
HuskyCT-Ultra_50,https://kb.uconn.edu/space/TL/26045448982
HuskyCT-Ultra_51,https://kb.uconn.edu/space/TL/26044924248
HuskyCT-Ultra_52,https://kb.uconn.edu/space/TL/26044924115
HuskyCT-Ultra_53,https://kb.uconn.edu/space/TL/26046857479
HuskyCT-Ultra_54,https://kb.uconn.edu/space/TL/26043678882
HuskyCT-Ultra_55,https://kb.uconn.edu/space/TL/26343244065
HuskyCT-Ultra_56,https://kb.uconn.edu/space/TL/26042992779
HuskyCT-Ultra_57,https://kb.uconn.edu/space/TL/26042992696
HuskyCT-Ultra_58,https://kb.uconn.edu/space/TL/26043678857
HuskyCT-Ultra_59,https://kb.uconn.edu/space/TL/26044268884
HuskyCT-Ultra_60,https://kb.uconn.edu/space/TL/26921500689
HuskyCT-Ultra_61,https://kb.uconn.edu/space/TL/26044629007
HuskyCT-Ultra_62,https://kb.uconn.edu/space/TL/26044236184
HuskyCT-Ultra_63,https://kb.uconn.edu/space/TL/26043090046
HuskyCT-Ultra_64,https://kb.uconn.edu/space/TL/26913898497
HuskyCT-Ultra_65,https://kb.uconn.edu/space/TL/26840170525
HuskyCT-Ultra_66,https://kb.uconn.edu/space/TL/26659487751
HuskyCT-Ultra_67,https://kb.uconn.edu/space/TL/26051936958
HuskyCT-Ultra_68,https://kb.uconn.edu/space/TL/26045547999
HuskyCT-Ultra_69,https://kb.uconn.edu/space/TL/26045547705
HuskyCT-Ultra_70,https://kb.uconn.edu/space/TL/26043678836
HuskyCT-Ultra_71,https://kb.uconn.edu/space/TL/26042992794
HuskyCT-Ultra_72,https://kb.uconn.edu/space/TL/26043188797
HuskyCT-Ultra_73,https://kb.uconn.edu/space/TL/26043188738
HuskyCT-Ultra_74,https://kb.uconn.edu/space/TL/26127564827
HuskyCT-Ultra_75,https://kb.uconn.edu/space/TL/26042597763
HuskyCT-Ultra_76,https://kb.uconn.edu/space/TL/27054768129
HuskyCT-Ultra_77,https://kb.uconn.edu/space/TL/26397966337
HuskyCT-Ultra_78,https://kb.uconn.edu/space/TL/26042303538
HuskyCT-Ultra_79,https://kb.uconn.edu/space/TL/26043285770
HuskyCT-Ultra_80,https://kb.uconn.edu/space/TL/26052657193
HuskyCT-Ultra_81,https://kb.uconn.edu/space/TL/26051937504
HuskyCT-Ultra_82,https://kb.uconn.edu/space/TL/26048168468
HuskyCT-Ultra_83,https://kb.uconn.edu/space/TL/26042992189
HuskyCT-Ultra_84,https://kb.uconn.edu/space/TL/26546601997
HuskyCT-Ultra_85,https://kb.uconn.edu/space/TL/26034864506
HuskyCT-Ultra_86,https://kb.uconn.edu/space/TL/26281443409
HuskyCT-Ultra_87,https://kb.uconn.edu/space/TL/26054328575
HuskyCT-Ultra_88,https://kb.uconn.edu/space/TL/26211713033
HuskyCT-Ultra_89,https://kb.uconn.edu/space/TL/26450559004
HuskyCT-Ultra_90,https://kb.uconn.edu/space/TL/26297598088
HuskyCT-Ultra_91,https://kb.uconn.edu/space/TL/26320011359
HuskyCT-Ultra_92,https://kb.uconn.edu/space/TL/26290651214
HuskyCT-Ultra_93,https://kb.uconn.edu/space/TL/26302382154
HuskyCT-Ultra_94,https://kb.uconn.edu/space/TL/26293239830
HuskyCT-Ultra_95,https://kb.uconn.edu/space/TL/26293370881
HuskyCT-Ultra_96,https://kb.uconn.edu/space/TL/26212499457
HuskyCT-Ultra_97,https://kb.uconn.edu/space/TL/26040828048
